AuthorID,Author,Date,Content,Attachments,Reactions
"735484857093849129","Junko Kawano#1236","22-Aug-20 02:00 PM",":cathello:","","CatHeart (18)"
"737459826103156776","🍁もみじ🍁#4900","22-Aug-20 02:00 PM",":cathello:","",""
"481397026647572502","Sasarai#6586","22-Aug-20 02:00 PM",":perrielleoh:","",""
"745683334176178196","天兎#9630","22-Aug-20 02:00 PM",":cathello:","",""
"274650417810505730","TheirStar#6362","22-Aug-20 02:00 PM",":cathello:","",""
"391246860175671296","和民#2633","22-Aug-20 02:00 PM","こんばんは〜:CatHeart:","",""
"610456859375042560","comtang#9937","22-Aug-20 02:00 PM",":devfish:","","devfish (10)"
"740504710557204490","Kun#4086","22-Aug-20 02:00 PM",":cathello:","",""
"737647945922510869","いおり#5468","22-Aug-20 02:00 PM",":perrielleoh:","",""
"348021052888186880","クロハ#8483","22-Aug-20 02:00 PM","こんばんは！:CatHeart:","",""
"274650417810505730","TheirStar#6362","22-Aug-20 02:00 PM",":Komuta: :Kawano: :CatHeart:","",""
"712887086688108585","hikaribaya#9649","22-Aug-20 02:01 PM","こんばんは！","",""
"458275664617930762","ccapsule716#9488","22-Aug-20 02:01 PM","こんばんはー","",""
"348792138093297664","hakka#7525","22-Aug-20 02:01 PM","こんばんはです…！","",""
"737693992669413497","Lyo#0960","22-Aug-20 02:01 PM","こんばんはー！","",""
"737653933333413950","akira-bb#8708","22-Aug-20 02:01 PM",":PerrielleOHOHO:","",""
"737643835034697808","aki48#6147","22-Aug-20 02:01 PM",":poobyheart:","",""
"746314320824107080","serocom#2085","22-Aug-20 02:01 PM",":melloreidea:","",""
"537284480453574657","マカダミア#3670","22-Aug-20 02:01 PM",":cathello:","",""
"738992005895553105","k太#8403","22-Aug-20 02:01 PM",":cathello:","",""
"610456859375042560","comtang#9937","22-Aug-20 02:01 PM","こむばんは〜:rabbitbear:","",""
"738999663650406471","MIZUNE#8348","22-Aug-20 02:01 PM","こんばんは！","",""
"366256366727200780","en-daichi#8058","22-Aug-20 02:01 PM","[壁]ω・）こんばんは。今夜はよろしくお願いします","",""
"738032533060714529","Tea1212（てぃ）#5417","22-Aug-20 02:01 PM","わぁ！！こんばんは","",""
"721089763989520437","sako#3684","22-Aug-20 02:01 PM","こんばんはー！","",""
"726340142511423550","ミルクラン#4797","22-Aug-20 02:01 PM",":cathello:","",""
"737390356651573258","のにゅえ#0073","22-Aug-20 02:01 PM",":cathello:","",""
"745746398485545052","ニンジン食べるかい？#2327","22-Aug-20 02:01 PM","こんばんは✨","",""
"422325860327227394","goban_5#6908","22-Aug-20 02:01 PM","こんばんは！","",""
"727334764591317012","まっとていく#1832","22-Aug-20 02:01 PM","こんばんは！！","",""
"746707138365227120","しらたま#8170","22-Aug-20 02:01 PM","よろしくおねがいします～:cathello:","",""
"737424287518162965","ＡＵ#9243","22-Aug-20 02:01 PM",":cathello:","",""
"480354227718324225","umemen#0615","22-Aug-20 02:01 PM","こんばんわーーー","",""
"746510404041179227","ヒヨコぶらっく#3902","22-Aug-20 02:01 PM","😆","",""
"480354227718324225","umemen#0615","22-Aug-20 02:01 PM","よろしくおねがいしますー！","",""
"745879689876340816","けだま#6809","22-Aug-20 02:01 PM",":cathello:","",""
"736606954436296744","タンタ#0719","22-Aug-20 02:01 PM","こんばんは！","",""
"637271370732011551","ＡＣＥ#2251","22-Aug-20 02:01 PM","こんばんは！","",""
"737464417293172796","shiroro#7369","22-Aug-20 02:01 PM","こんばんは！お疲れ様です！
よろしくお願いします！","",""
"124094729406251014","Miluda#5031","22-Aug-20 02:01 PM",":cathello:","",""
"700381213671555193","Yoshitaka Murayama#4951","22-Aug-20 02:01 PM","今回、河野さんメインかと思うのでデザイン関係の質問からどぞー","","Murayama (24)"
"551847580846391326","subaru#6561","22-Aug-20 02:01 PM","こんばんはー","",""
"735484857093849129","Junko Kawano#1236","22-Aug-20 02:01 PM","よろしくお願いしますー。村山、小牟田両名もきっといるのでいろいろ聞いてください！","","LianHype (15),Kawano (20)"
"745660931966632006","しぇ#9046","22-Aug-20 02:02 PM","こんばんは！","",""
"738032928231129128","チカゲ#9631","22-Aug-20 02:02 PM","こんばんは！よろしくお願いします。","",""
"610456859375042560","comtang#9937","22-Aug-20 02:02 PM",":poobysleep:","","MioAngry (2)"
"737911775852232747","Saori#8470","22-Aug-20 02:02 PM","こんばんは！よろしくお願いしますー！","",""
"716164464256221244","葡萄酒389#6215","22-Aug-20 02:02 PM",":LianHype:","",""
"716164464256221244","葡萄酒389#6215","22-Aug-20 02:02 PM","こんばんわー","",""
"406093899522768896","Glow_GJみかん#1172","22-Aug-20 02:02 PM","こんばんは、よろしくお願いします","",""
"316200775200014338","nazekaede#4824","22-Aug-20 02:02 PM","こんばんはです、宜しくお願いします！","",""
"700381213671555193","Yoshitaka Murayama#4951","22-Aug-20 02:02 PM",":PerriellApple:","",""
"746510404041179227","ヒヨコぶらっく#3902","22-Aug-20 02:02 PM","主人公のデザインは坊ちゃんリスペクトですか？！（鼻息フンフン）","",""
"610456859375042560","comtang#9937","22-Aug-20 02:02 PM","ではでは、よろしくお願いします:LianHype:","","devfish (4)"
"711897329988272129","Arin#8306","22-Aug-20 02:02 PM",":Komuta: :Kawano: :cathello:","","cathello (1)"
"481397026647572502","Sasarai#6586","22-Aug-20 02:02 PM","みなさん、ゆっくり質問してね（笑）","",""
"735484857093849129","Junko Kawano#1236","22-Aug-20 02:03 PM","> 主人公のデザインは坊ちゃんリスペクトですか？！（鼻息フンフン）
@ヒヨコぶらっく  
おっと……
どうなんです？村山さま？","",""
"700381213671555193","Yoshitaka Murayama#4951","22-Aug-20 02:04 PM","> 主人公のデザインは坊ちゃんリスペクトですか？！（鼻息フンフン）
@ヒヨコぶらっく そういう感じではないかなぁと。少なくとも指定にはありません","",""
"274650417810505730","TheirStar#6362","22-Aug-20 02:04 PM","河野さんに質問ですが、どうやってゲームのためにこんなにたくさんのキャラクターをデザインしているんですか？！

こんなにたくさんのキャラクターをデザインしていたら、毎晩泣いてしまいそうです！！","",""
"610456859375042560","comtang#9937","22-Aug-20 02:04 PM","最初にノアとセイのキャラ設定のテキストがあったんですよねー","",""
"735484857093849129","Junko Kawano#1236","22-Aug-20 02:04 PM","私はもらった文字設定からノアとセイを起こしたので、似ているといたらたまたまです","",""
"746510404041179227","ヒヨコぶらっく#3902","22-Aug-20 02:04 PM","そうですかぁ…返信ありがとうございます！@Yoshitaka Murayama, @Junko Kawano","",""
"712887086688108585","hikaribaya#9649","22-Aug-20 02:04 PM","キャラクターデザインは何人かのチームになっているのでしょうか？
最終的には何名かのイラストレーターが関わることになるのでしょうか。

幻水１では８０人くらい一晩で描いたとかいうエピソードがあったような…😂","",""
"738032533060714529","Tea1212（てぃ）#5417","22-Aug-20 02:05 PM","今紹介されてるキャラクターはイケメン多いですが、これからマッチョ系も出てきますか？？（くまさんラブなもので）","",""
"737647945922510869","いおり#5468","22-Aug-20 02:05 PM","ノアの武器のチョイスはいつ頃決まったのですか？当初からあれしかない！って感じだったのですか？","",""
"735484857093849129","Junko Kawano#1236","22-Aug-20 02:05 PM","> 河野さんに質問ですが、どうやってゲームのためにこんなにたくさんのキャラクターをデザインしているんですか？！
> 
> こんなにたくさんのキャラクターをデザインしていたら、毎晩泣いてしまいそうです！！
@TheirStar  
作業中は大変なんですが、終わる頃には「描き足りないー」ってなるんです。いつも……","","CatHeart (11)"
"740852154792935434","綾瀬#0764","22-Aug-20 02:05 PM","@Junko Kawano 河野さん、こんばんは。お話できて嬉しいです。
ユーザーが操作するキャラクターや仲間たちと、敵対する悪役たちのキャラクターをデザインする際に、意識していることや工夫、違いなどはありますでしょうか？","",""
"743477636386390038","むと#1894","22-Aug-20 02:06 PM","こんばんは、よろしくお願いいたします。","",""
"700381213671555193","Yoshitaka Murayama#4951","22-Aug-20 02:06 PM","> ノアの武器のチョイスはいつ頃決まったのですか？当初からあれしかない！って感じだったのですか？
@いおり 武器はかなり早い段階で、コレでと。武器は王道じゃない感じでと","",""
"745201814550347849","ユロ#9435","22-Aug-20 02:06 PM","こんばんは。よろしくお願いします。グレミオやナナミのような何時もそばで見守っていてくれるようなキャラはいるのでしょうか？","",""
"737643835034697808","aki48#6147","22-Aug-20 02:06 PM","イケメンや可愛いキャラもいいですが、渋いキャラや姉御キャラがいっぱいいると嬉しいです！","",""
"480354227718324225","umemen#0615","22-Aug-20 02:06 PM","描き足りない…すごい…","",""
"737386489142444064","二藍みや [Miya Futaai]#9413","22-Aug-20 02:06 PM","河野さん、こんばんは。質問ではないのですが。
メリサのデザインすごくステキだと思います。クールビューティーでかつワイルドで。肩にはカワイイ子まで乗ってて！ :MarisaWave:","",""
"610456859375042560","comtang#9937","22-Aug-20 02:06 PM","> @いおり 武器はかなり早い段階で、コレでと。武器は王道じゃない感じでと
@Yoshitaka Murayama あの武器が出てきたときは村上Ｊさんとも、なんか悪そうな武器だねって話してましたw","",""
"737647945922510869","いおり#5468","22-Aug-20 02:06 PM","> @いおり 武器はかなり早い段階で、コレでと。武器は王道じゃない感じでと
@Yoshitaka Murayama 回答ありがとうございます。印象に残る武器でチョイスのセンスに脱帽しました","",""
"745746398485545052","ニンジン食べるかい？#2327","22-Aug-20 02:07 PM","河野さん初めまして✨このような場を設けていただき感謝します！

メインキャラクター、一人につきどのくらいの時間をかけてデザインされていますか？","",""
"735484857093849129","Junko Kawano#1236","22-Aug-20 02:07 PM","> キャラクターデザインは何人かのチームになっているのでしょうか？
> 最終的には何名かのイラストレーターが関わることになるのでしょうか。
> 
> 幻水１では８０人くらい一晩で描いたとかいうエピソードがあったような…😂
@hikaribaya  
周りにいるみなさまからの協力でネタを集めるのですが、仕上げるのに時間がかかったんですよ>80人……😅","",""
"735484857093849129","Junko Kawano#1236","22-Aug-20 02:07 PM","> 河野さん、こんばんは。質問ではないのですが。
> メリサのデザインすごくステキだと思います。クールビューティーでかつワイルドで。肩にはカワイイ子まで乗ってて！ :MarisaWave:
@二藍みや [Miya Futaai]  
ありがとうございますー😭","",""
"431099957408301058","HAL#6615","22-Aug-20 02:07 PM","こんばんは、よろしくお願いします。","",""
"330334931156992001","エティエンヌ#8132","22-Aug-20 02:07 PM","こんばんわ、よろしくおねがいします。","",""
"700381213671555193","Yoshitaka Murayama#4951","22-Aug-20 02:07 PM","> 今紹介されてるキャラクターはイケメン多いですが、これからマッチョ系も出てきますか？？（くまさんラブなもので）
@Tea1212（てぃ） キャラは全方位取りそろえる予定なので、マッチョも多分出ます","",""
"746510404041179227","ヒヨコぶらっく#3902","22-Aug-20 02:08 PM","一晩で80人…………多産ですね…………","",""
"746314320824107080","serocom#2085","22-Aug-20 02:08 PM","これまで発表されてきたキャラクターのなかで描きやすい、描きにくいなと思ったキャラクターはいますか？
そして、河野さんのいわゆる作業用BGMなどはあったりしますか?","",""
"481397026647572502","Sasarai#6586","22-Aug-20 02:08 PM","発言はなるべく質問だけにしてください","",""
"735484857093849129","Junko Kawano#1236","22-Aug-20 02:08 PM","> 河野さん初めまして✨このような場を設けていただき感謝します！
> 
> メインキャラクター、一人につきどのくらいの時間をかけてデザインされていますか？
@ニンジン食べるかい？  
キャラによってまちまちです。早いと1日ですが長いと2週間くらい、他のキャラとかけもちで少しずつ描いたりします","",""
"700381213671555193","Yoshitaka Murayama#4951","22-Aug-20 02:09 PM","> イケメンや可愛いキャラもいいですが、渋いキャラや姉御キャラがいっぱいいると嬉しいです！
@aki48 キャラは全方位（省略）　出ますよ","",""
"87982464072450048","Raka_Putra#2873","22-Aug-20 02:09 PM","こんばんは、村山さん、川野さん、小牟田さん。 このゲームを作ってくれてありがとう。 それはファンにとって私たちにとって非常に大きな意味があります。 私たちはあなたを愛してます。
川野さんに質問です。

1）あなたは業界のベテランです。 キャラクターデザインのトレンドは行き来します。 幻水になかった百英雄伝の新しいトレンドはありますか？
2）復活させたい、めったに見られないデザイン要素はありますか？
ありがとうございました。","",""
"431099957408301058","HAL#6615","22-Aug-20 02:09 PM","百英雄伝のタイトルロゴのデザインもされたのでしょうか？百と紋章が融合したデザインが凄く好みです。","",""
"700381213671555193","Yoshitaka Murayama#4951","22-Aug-20 02:09 PM","> こんばんは。よろしくお願いします。グレミオやナナミのような何時もそばで見守っていてくれるようなキャラはいるのでしょうか？
@ユロ ネタバレになるので、2年後まで待ってね","",""
"737647945922510869","いおり#5468","22-Aug-20 02:10 PM","> @Yoshitaka Murayama あの武器が出てきたときは村上Ｊさんとも、なんか悪そうな武器だねって話してましたw
@comtang 回答ありがとうございます扱い方も癖がありそうでｗ","",""
"396670824922480641","ゼノス#3991","22-Aug-20 02:10 PM","こんばんわ、お疲れ様です。110人目の追加は3.7万＄より遥かに上のゴールになりそうですか？","",""
"274650417810505730","TheirStar#6362","22-Aug-20 02:10 PM","@comtang 小牟田さん、これまでに明らかになった機能やミニゲームの中で、デザイナーとして特に期待していることはありますか？","",""
"706708533361639484","野良/Nora#5898","22-Aug-20 02:10 PM","こんばんは。
河野さんへ質問なのですが、現在の作画環境は何を使用しているのでしょうか。過去のイラストはアナログだったと思うのですが、今は全てデジタルでアナログはあまり使用しないのか。また、使用しているソフトなど長年プロとして描かれている方の環境が気になります。","",""
"745746398485545052","ニンジン食べるかい？#2327","22-Aug-20 02:10 PM","@Junko Kawano 
1日で仕上げることも！😳💦
回答有難うございました！幸せです😭✨","",""
"716164464256221244","葡萄酒389#6215","22-Aug-20 02:10 PM","今出ているキャラクター達には好みの食べ物が出てますが、今回はこれも109人分設定していくのですか？","",""
"610456859375042560","comtang#9937","22-Aug-20 02:10 PM","> 百英雄伝のタイトルロゴのデザインもされたのでしょうか？百と紋章が融合したデザインが凄く好みです。
@HAL タイトルロゴは専属のデザイナーがデザインしています。","",""
"348021052888186880","クロハ#8483","22-Aug-20 02:10 PM","幻水の時から特殊な兵器を多用するのは、もしかしてチームの皆さんがカンフー映画をお好きなのでしょうか？","",""
"735484857093849129","Junko Kawano#1236","22-Aug-20 02:10 PM","> これまで発表されてきたキャラクターのなかで描きやすい、描きにくいなと思ったキャラクターはいますか？
> そして、河野さんのいわゆる作業用BGMなどはあったりしますか?
@serocom  
装飾が多くなると時間かかりますね……😅
BGMは、そっちに気を取られるので基本ナシです","",""
"740852154792935434","綾瀬#0764","22-Aug-20 02:11 PM","@Junko Kawano 河野さん、こんばんは。お話できて嬉しいです。
ユーザーが操作するキャラクターや仲間たちと、敵対する悪役たちのキャラクターをデザインする際に、意識していることや工夫、違いなどはありますでしょうか？","",""
"348792138093297664","hakka#7525","22-Aug-20 02:11 PM","河野さんの描かれる様々な年代の人物が大好きです。重ねた時間が刻まれた顔や体格、青年期から成熟期の全盛期の強さ、青春の危うさを感じさせる少年少女、庇護を必要とする子供たちのうちにあるはち切れんばかりの生命感。どれもとても魅力的なのですが、河野さんが描かれる上で最も得意とされている年代などはありますでしょうか？","",""
"700381213671555193","Yoshitaka Murayama#4951","22-Aug-20 02:11 PM","> こんばんわ、お疲れ様です。110人目の追加は3.7万＄より遥かに上のゴールになりそうですか？
@ゼノス もうちょっと","",""
"105671226982187008","catteries#5702","22-Aug-20 02:11 PM","河野さんこんばんはー　今回やっぱり猫テーマのキャラクター....　あるよね？！","",""
"700381213671555193","Yoshitaka Murayama#4951","22-Aug-20 02:12 PM","> 今出ているキャラクター達には好みの食べ物が出てますが、今回はこれも109人分設定していくのですか？
@葡萄酒389 設定しますよ。アレはわりとキャラクターの雰囲気が出るので、考えるのも好きです","",""
"735484857093849129","Junko Kawano#1236","22-Aug-20 02:13 PM","> こんばんは。
> 河野さんへ質問なのですが、現在の作画環境は何を使用しているのでしょうか。過去のイラストはアナログだったと思うのですが、今は全てデジタルでアナログはあまり使用しないのか。また、使用しているソフトなど長年プロとして描かれている方の環境が気になります。
@野良/Nora  
今はアナログはほとんどないですね。
今はクリスタメインで時々Photoshop、R&Bのロゴなんはかイラレです","",""
"610456859375042560","comtang#9937","22-Aug-20 02:13 PM","> @comtang 小牟田さん、これまでに明らかになった機能やミニゲームの中で、デザイナーとして特に期待していることはありますか？
@TheirStar 僕は絵は全く描けないんですが、ゲームの遊びを企画するときに割と脳内にビジュアルイメージを作ってから企画するんです。なので、そのイメージ通りの絵が上がってくると嬉しいですねぇ","","devfish (11)"
"330334931156992001","エティエンヌ#8132","22-Aug-20 02:13 PM","キャラクターを起こされるときは設定ありきという感じですか？逆にラフが先にあって設定を肉付けすることもあるのでしょうか","",""
"735484857093849129","Junko Kawano#1236","22-Aug-20 02:13 PM","> 河野さんこんばんはー　今回やっぱり猫テーマのキャラクター....　あるよね？！
@catteries  
私の一存で決められる枠があるのなら！w","","CatHeart (16)"
"422325860327227394","goban_5#6908","22-Aug-20 02:13 PM","よろしくおねがいします。
1.ノア君が右耳にもピアスを着けているのかが、絶妙に見えないので気がかりです。
2.いくら全方位といっても、さすがに異形頭（頭が無機物）さんとか、義肢の人はいませんか？","",""
"735484857093849129","Junko Kawano#1236","22-Aug-20 02:14 PM","> キャラクターを起こされるときは設定ありきという感じですか？逆にラフが先にあって設定を肉付けすることもあるのでしょうか
@エティエンヌ  
両方ですね","",""
"700381213671555193","Yoshitaka Murayama#4951","22-Aug-20 02:15 PM","> 幻水の時から特殊な兵器を多用するのは、もしかしてチームの皆さんがカンフー映画をお好きなのでしょうか？
@クロハ 動きが格好良くて好きです。今回のノアの武器も、動画とかで動きを見てカッコイイというのがあったので決めました。ひっかけて、クルッと回ったりアクションが独特で","",""
"712887086688108585","hikaribaya#9649","22-Aug-20 02:15 PM","獣人や鮫肌の彼など今回も亜人種がたくさん出てきそうですが………エルフやコボルト、ドワーフなども出てきますか？","",""
"736649399412719706","awaawa#8692","22-Aug-20 02:15 PM","河野さんが描いていて楽しい、燃える、または好きだと感じるものをいくつか教えて下さい。
例えば表情・ポーズ・シチュエーションなど…なんでも","",""
"735484857093849129","Junko Kawano#1236","22-Aug-20 02:15 PM","> よろしくおねがいします。
> 1.ノア君が右耳にもピアスを着けているのかが、絶妙に見えないので気がかりです。
> 2.いくら全方位といっても、さすがに異形頭（頭が無機物）さんとか、義肢の人はいませんか？
@goban_5  
１　左だけです
２　うーん、どうなんでしょうね……？？","",""
"366256366727200780","en-daichi#8058","22-Aug-20 02:15 PM","キャラクター作成設定時はやはり三面図があったりするのでしょうか。
また後にこちら、発表の機会などあったりしますでしょうか。絵描きの身としては、ファンアートを描くうえで三面図などあるととても助かるのですが……","",""
"538639168167739395","Meeah#1408","22-Aug-20 02:16 PM","質問はできるだけ１度に１つずつがお答えしやすくていいかと思います:marisapeek:","",""
"700381213671555193","Yoshitaka Murayama#4951","22-Aug-20 02:16 PM","> 獣人や鮫肌の彼など今回も亜人種がたくさん出てきそうですが………エルフやコボルト、ドワーフなども出てきますか？
@hikaribaya サメよりもマイナーかもしれない種族ですが、多分👍","","YuferiusJaws (12)"
"274650417810505730","TheirStar#6362","22-Aug-20 02:16 PM","@Junko Kawano  依頼をしているのなら...w ラインバッハやミリヒのような ""ナルシスト ""系のキャラクターが好きなのですが... 🌹","",""
"610456859375042560","comtang#9937","22-Aug-20 02:16 PM","> 幻水の時から特殊な兵器を多用するのは、もしかしてチームの皆さんがカンフー映画をお好きなのでしょうか？
@クロハ カンフー映画はみんな好きなんじゃないかな？この間、イップ・マン観てきました！","",""
"746510404041179227","ヒヨコぶらっく#3902","22-Aug-20 02:17 PM","村山さんへ質問です（埋もれなかったらご回答お願いします）百英雄伝は１タイトル完結の構想でしょうか？それとも、２以降の構想もあるのでしょうか？","",""
"737647945922510869","いおり#5468","22-Aug-20 02:17 PM","> @goban_5  
> １　左だけです
> ２　うーん、どうなんでしょうね……？？
@Junko Kawano 続けて質問失礼します。ノアのピアスはどなたからの送りものなのでしょうか？流派の卒業に頂いたものなのか、母親の形見だったりなのか！！気になります","",""
"712887086688108585","hikaribaya#9649","22-Aug-20 02:17 PM","（鮫よりマイナー…！！ありがとうございます！！エルフにハマりがちなので嬉しいです！）","",""
"735484857093849129","Junko Kawano#1236","22-Aug-20 02:17 PM","> 河野さんが描いていて楽しい、燃える、または好きだと感じるものをいくつか教えて下さい。
> 例えば表情・ポーズ・シチュエーションなど…なんでも
@awaawa  
描く前は大人しめのポーズや表情が楽でいいんですが、仕上がってみると動きが多い方が楽しめてますね😅","",""
"737653933333413950","akira-bb#8708","22-Aug-20 02:18 PM","ネタバレに繫がるような質問は控えられた方がよいかと。お答えになれないと思いますので。","",""
"735484857093849129","Junko Kawano#1236","22-Aug-20 02:18 PM","> @Junko Kawano 続けて質問失礼します。ノアのピアスはどなたからの送りものなのでしょうか？流派の卒業に頂いたものなのか、母親の形見だったりなのか！！気になります
@いおり  
今のところ、秘密とさせて下さいませっ","",""
"700381213671555193","Yoshitaka Murayama#4951","22-Aug-20 02:18 PM","> 村山さんへ質問です（埋もれなかったらご回答お願いします）百英雄伝は１タイトル完結の構想でしょうか？それとも、２以降の構想もあるのでしょうか？
@ヒヨコぶらっく まずは百英雄伝を成功させるのが先決ですが、成功したら続編を考えたいですね。そういう時に障害がないように、Kickstarterを使いゲームの権利を手元に残すようにしたのですから","","LianHype (22)"
"610456859375042560","comtang#9937","22-Aug-20 02:18 PM","> @HAL タイトルロゴは専属のデザイナーがデザインしています。
@comtang 百の中のあれは魔導レンズのイメージですね。格好いいですよねー。","",""
"740852154792935434","綾瀬#0764","22-Aug-20 02:19 PM","河野さんがデザインされたキャラクターの中で、思い入れのあるキャラクターは誰ですか？
差し支えなければ教えてください。","",""
"746561354982228121","サク#2138","22-Aug-20 02:19 PM","この百英雄伝の企画や構想はどれくらい前から考えられていたのですか？","",""
"700381213671555193","Yoshitaka Murayama#4951","22-Aug-20 02:19 PM","> @Junko Kawano 続けて質問失礼します。ノアのピアスはどなたからの送りものなのでしょうか？流派の卒業に頂いたものなのか、母親の形見だったりなのか！！気になります
@いおり 答えは2年後！","",""
"746510404041179227","ヒヨコぶらっく#3902","22-Aug-20 02:19 PM","@Yoshitaka Murayama 返信ありがとうございます…！！続編でるように布教がんばります！！！","",""
"481397026647572502","Sasarai#6586","22-Aug-20 02:20 PM","質問です。

ガオウとパンケーキの関係性について一言ください","",""
"737459826103156776","🍁もみじ🍁#4900","22-Aug-20 02:20 PM","キャラの好物は河野さんや村山さんが考えてらっしゃるんですか？
それとも皆さんで相談して…とかですか？","",""
"700381213671555193","Yoshitaka Murayama#4951","22-Aug-20 02:21 PM","> この百英雄伝の企画や構想はどれくらい前から考えられていたのですか？
@サク 具体的になってきたのは1年ともうちょっとぐらいかな","",""
"700381213671555193","Yoshitaka Murayama#4951","22-Aug-20 02:21 PM","> 質問です。
> 
> ガオウとパンケーキの関係性について一言ください
@Sasarai ガオウはパンケーキが好きです。パンケーキもガオウが好きです。","","lianthumbsup (24),garreat (37)"
"735484857093849129","Junko Kawano#1236","22-Aug-20 02:22 PM","> キャラクター作成設定時はやはり三面図があったりするのでしょうか。
> また後にこちら、発表の機会などあったりしますでしょうか。絵描きの身としては、ファンアートを描くうえで三面図などあるととても助かるのですが……
@en-daichi  
きっちりした三面は、実は今はまだ作ってないのです
ドットキャラにする最終に必要そうな追加設定はちょこちょこつくってるんですが:nowarip:","",""
"737911775852232747","Saori#8470","22-Aug-20 02:22 PM","質問です。
1. マールリッジさんがすでに不遇キャラな気がしているんですが気のせいでしょうか？
2. 百英雄伝で、今出てるキャラたちでは誰が好きですか？(推しキャラ教えてください)","",""
"737643835034697808","aki48#6147","22-Aug-20 02:22 PM","ゲーム中もシーンに応じて様々な表情の絵が出てきますか？","",""
"700381213671555193","Yoshitaka Murayama#4951","22-Aug-20 02:22 PM","> キャラの好物は河野さんや村山さんが考えてらっしゃるんですか？
> それとも皆さんで相談して…とかですか？
@🍁もみじ🍁 今はわたしが考えていますが、そのうちネタが尽きると思うのでみんなに振る予定です。　皆さんからも、もしかしたらね","","LianHype (14)"
"274650417810505730","TheirStar#6362","22-Aug-20 02:22 PM","質問ではありませんが、村上さんにもよろしくお伝えください。村上さんの作品は素晴らしく、インタビューがとても面白かったです。味方になる昔のライバル、それは現実のJRPGの物語です","","👍 (2)"
"716164464256221244","葡萄酒389#6215","22-Aug-20 02:23 PM","今回109人目の投票対象となっている4人はどのようにして決められたのでしょうか？","",""
"735484857093849129","Junko Kawano#1236","22-Aug-20 02:23 PM","> 河野さんがデザインされたキャラクターの中で、思い入れのあるキャラクターは誰ですか？
> 差し支えなければ教えてください。
@綾瀬  
全員に思い入れができるように頑張ってますです！","",""
"738999663650406471","MIZUNE#8348","22-Aug-20 02:23 PM","サメさんのデザインのモチーフはあるのでしょうか？斬新すぎて驚きました！
インパクト最強です:YuferiusJaws:","",""
"737616870563381248","ヤム・クン#0790","22-Aug-20 02:23 PM","過去の主人公はほとんど無口ですが、方向転換の理由は何ですか？","",""
"735484857093849129","Junko Kawano#1236","22-Aug-20 02:24 PM","> 質問です。
> 1. マールリッジさんがすでに不遇キャラな気がしているんですが気のせいでしょうか？
> 2. 百英雄伝で、今出てるキャラたちでは誰が好きですか？(推しキャラ教えてください)
@Saori  
２　全員す！","","melridgeeat (3)"
"610456859375042560","comtang#9937","22-Aug-20 02:24 PM","> 質問です。
> 1. マールリッジさんがすでに不遇キャラな気がしているんですが気のせいでしょうか？
> 2. 百英雄伝で、今出てるキャラたちでは誰が好きですか？(推しキャラ教えてください)
@Saori ミオですかねぇ。侍は無条件で好き:mioblush:","","mioblush (23)"
"700381213671555193","Yoshitaka Murayama#4951","22-Aug-20 02:25 PM","> 質問です。
> 1. マールリッジさんがすでに不遇キャラな気がしているんですが気のせいでしょうか？
> 2. 百英雄伝で、今出てるキャラたちでは誰が好きですか？(推しキャラ教えてください)
@Saori マールリッジさんは苦労を避けたい性分ですが、気がついたらいろいろと背負い込んじゃってる人な気はします（笑）

2．は僕はペリエール嬢","","PerrielleOHOHO (25)"
"737474398713282592","たま#7488","22-Aug-20 02:25 PM","こんばんわ、村山さんに質問です。
二作目があるなしに関わらず、広大な大陸や長い歴史のある世界に魅力を感じます。今回の作品も、歴史上の一部分描くような壮大な物語になりますか？","",""
"735484857093849129","Junko Kawano#1236","22-Aug-20 02:25 PM","> サメさんのデザインのモチーフはあるのでしょうか？斬新すぎて驚きました！
> インパクト最強です:YuferiusJaws:
@MIZUNE  
サメ度どのくらい？と村山さんに数パターンスケッチ投げた結果が今の姿でっす:YuferiusJaws:","","YuferiusJaws (26)"
"746573834651435128","kuro#1751","22-Aug-20 02:25 PM","初めまして！幻想水滸伝では協力攻撃以外にも、ライドオンやLサイズキャラクターなど6人いることを生かしたおもしろい試みがありましたが、今回も検討されてますか？","",""
"391246860175671296","和民#2633","22-Aug-20 02:25 PM","他の方が反対したにも関わらず、河野さんのゴリ押しで決めたようなキャラはいますか？","",""
"160825844951023616","infidusfiles#8553","22-Aug-20 02:25 PM","こんにちは どうしても知りたいのですが、ゴクトーの髪は染めているのか、それとも自然に前髪がその色になるのでしょうか？ ｗ","",""
"105671226982187008","catteries#5702","22-Aug-20 02:26 PM","ベースのドット絵のデザインも、河野さんが書いてるのですか？","",""
"746707138365227120","しらたま#8170","22-Aug-20 02:26 PM","初めましてなので既に出ているかもしれませんが、今回本拠地と本拠地のイベントみたいなものは期待してもいいですか？","",""
"700381213671555193","Yoshitaka Murayama#4951","22-Aug-20 02:27 PM","> 過去の主人公はほとんど無口ですが、方向転換の理由は何ですか？
@ヤム・クン 多分、そんなに方向転換ではないです。饒舌にしゃべるキャラにはなりませんから","",""
"700381213671555193","Yoshitaka Murayama#4951","22-Aug-20 02:28 PM","> こんばんわ、村山さんに質問です。
> 二作目があるなしに関わらず、広大な大陸や長い歴史のある世界に魅力を感じます。今回の作品も、歴史上の一部分描くような壮大な物語になりますか？
@たま そういうのが好きです。","",""
"735484857093849129","Junko Kawano#1236","22-Aug-20 02:28 PM","> 今回109人目の投票対象となっている4人はどのようにして決められたのでしょうか？
@葡萄酒389  
テキスト設定を先にもらったので、基本はそれ準拠です。できるだけそれぞれの意見がばらけるようにしてみました","",""
"712887086688108585","hikaribaya#9649","22-Aug-20 02:28 PM","各街や国家の旗やエンブレムなどが大好きなのですが、
百英雄伝にもそういった場所を象徴するデザインは出てきますか？（出してほしい！）","",""
"394492519087472651","chelsy#5698","22-Aug-20 02:28 PM","初めましてこんにちは　本拠地を探検できるようになるのでしょうか？それともコマンドで操作するだけですか？","",""
"610456859375042560","comtang#9937","22-Aug-20 02:29 PM","> 初めまして！幻想水滸伝では協力攻撃以外にも、ライドオンやLサイズキャラクターなど6人いることを生かしたおもしろい試みがありましたが、今回も検討されてますか？
@kuro 6人枠あるので、面白いことは色々考えてます。村山さんのOKがでるかわかりませんがw","",""
"735484857093849129","Junko Kawano#1236","22-Aug-20 02:29 PM","> 他の方が反対したにも関わらず、河野さんのゴリ押しで決めたようなキャラはいますか？
@和民  
いまのところいないかなー（すっとぼけ）","","Kawano (25),SeignQuestion (5)"
"431099957408301058","HAL#6615","22-Aug-20 02:29 PM","エッグレッグは見るからに卵ベースのデザインに見えますが進化したりするのでしょうか？","",""
"610456859375042560","comtang#9937","22-Aug-20 02:30 PM","> 初めましてこんにちは　本拠地を探検できるようになるのでしょうか？それともコマンドで操作するだけですか？
@chelsy もちろん、探検できます。したいですよね？:LianHype:","","LianHype (57)"
"711897329988272129","Arin#8306","22-Aug-20 02:30 PM","プレミアムバッカーの権利でゲーム内に登場させるバッカーの猫は、いずれ河野さんが描いてくださることになりますか？:CatHeart:","",""
"274650417810505730","TheirStar#6362","22-Aug-20 02:30 PM","@Yoshitaka Murayama 将来的には、カレンダーシステムやキャラクターの身長、その他の伝記のような細かいディテールがたくさん出てくることを期待しています。それはゲームの核心ではないとは思いますが、世界に命を吹き込むものです。そういったことについてはどう感じていますか？ストーリーテリングを制限していると感じることはありますか？","",""
"743477636386390038","むと#1894","22-Aug-20 02:30 PM","1キャラ分の動くドット絵を揃えるまでどのくらい時間がかかるものなのでしょうか？","",""
"700381213671555193","Yoshitaka Murayama#4951","22-Aug-20 02:30 PM","> 初めましてなので既に出ているかもしれませんが、今回本拠地と本拠地のイベントみたいなものは期待してもいいですか？
@しらたま ご期待ください","","LianHype (29)"
"422325860327227394","goban_5#6908","22-Aug-20 02:30 PM","ロディ君13歳の髪は、寝癖がちなのでしょうか？","",""
"87982464072450048","Raka_Putra#2873","22-Aug-20 02:30 PM","こんばんは。 ゲームで奇妙な武器を見ることはできますか？ たとえば、本をベルトで結びます。 w","",""
"735484857093849129","Junko Kawano#1236","22-Aug-20 02:30 PM","> ベースのドット絵のデザインも、河野さんが書いてるのですか？
@catteries  
今回出ているキャラのたたきはそうでしたが、今後は:Murakami: さん以下にお任せの予定です","","Murakami (14)"
"610456859375042560","comtang#9937","22-Aug-20 02:31 PM","> エッグレッグは見るからに卵ベースのデザインに見えますが進化したりするのでしょうか？
@HAL 進化しても卵のままなんじゃないですかねー？エッグですから！","",""
"745660931966632006","しぇ#9046","22-Aug-20 02:31 PM","質問失礼します！
とても気になっているのですが、ノア君の武器は普段どのように武器をしまわれているのでしょうか？","",""
"746510404041179227","ヒヨコぶらっく#3902","22-Aug-20 02:31 PM","@Yoshitaka Murayama PCのゲストでリアクションの付け方が分からないのでここで…「そういうのが好きです。」……私もそういうのがげっちゃ好きです！……😇 （返信不要です）","",""
"746573834651435128","kuro#1751","22-Aug-20 02:31 PM","お答えいただいてありがとうございます！6人枠の色んな使い道を期待しています","",""
"366256366727200780","en-daichi#8058","22-Aug-20 02:32 PM","kickstarterのCMムービーで河野さんが比較的カメラから背を向けてなるべく顔を見せないようにしてたように思えたのですが、真実のほどはいかほどでしょうか。","",""
"610456859375042560","comtang#9937","22-Aug-20 02:32 PM","> こんばんは。 ゲームで奇妙な武器を見ることはできますか？ たとえば、本をベルトで結びます。 w
@Raka_Putra ゴクトーの武器はスリッパらしいですよ？河野さんのゴリ押しで:poobyeat:","","🤔 (33)"
"735484857093849129","Junko Kawano#1236","22-Aug-20 02:32 PM","> こんにちは どうしても知りたいのですが、ゴクトーの髪は染めているのか、それとも自然に前髪がその色になるのでしょうか？ ｗ
@infidusfiles  
何かアクシデントで色がついたのを気にいってそのままにしたようです。","","CatHeart (14)"
"737508017611735104","いの#3870","22-Aug-20 02:33 PM","こんばんは！質問です。
非戦闘員をサポートメンバーとしてパーティに加えることも考えられますか？","",""
"735484857093849129","Junko Kawano#1236","22-Aug-20 02:33 PM","> 各街や国家の旗やエンブレムなどが大好きなのですが、
> 百英雄伝にもそういった場所を象徴するデザインは出てきますか？（出してほしい！）
@hikaribaya  
あると思います！","","LianHype (21)"
"480354227718324225","umemen#0615","22-Aug-20 02:33 PM","メリサちゃんのプミーの目が開くことはありますか…？おねむなのか、糸目ちゃんなのか…？","",""
"738032533060714529","Tea1212（てぃ）#5417","22-Aug-20 02:33 PM","ガオウの肩をポンと叩いたときは、ガッチリしてますか？それともモフモフっとやわらかいのでしょうか？？","",""
"700381213671555193","Yoshitaka Murayama#4951","22-Aug-20 02:34 PM","> メリサちゃんのプミーの目が開くことはありますか…？おねむなのか、糸目ちゃんなのか…？
@umemen 開いたときは恐ろしい事が起きるのかも知れません","","marisapeek (14),poobyinvestigate (11)"
"735484857093849129","Junko Kawano#1236","22-Aug-20 02:34 PM","> メリサちゃんのプミーの目が開くことはありますか…？おねむなのか、糸目ちゃんなのか…？
@umemen  
何かあったとき、きっとその目が……！","","poobyinvestigate (15)"
"737636876705464321","門.#4511","22-Aug-20 02:34 PM",":Enemy: 差し支え無ければこの子の名前を教えて下さい。","",""
"610456859375042560","comtang#9937","22-Aug-20 02:34 PM","> 1キャラ分の動くドット絵を揃えるまでどのくらい時間がかかるものなのでしょうか？
@むと これはキャラにもよりますね。複雑な動きだと完成するまで1週間くらいですかねぇ","",""
"735484857093849129","Junko Kawano#1236","22-Aug-20 02:34 PM","> ガオウの肩をポンと叩いたときは、ガッチリしてますか？それともモフモフっとやわらかいのでしょうか？？
@Tea1212（てぃ）  
ガッチリかなー","",""
"739034444798623745","spuitman#0694","22-Aug-20 02:34 PM","こんばんは、こんなゲームをずっと待ってました。
協力攻撃と英雄コンボの違いは何ですか？
特定の仲間ではなく、誰とでもコンボ攻撃ができるということでしょうか。","",""
"610456859375042560","comtang#9937","22-Aug-20 02:35 PM","> こんばんは！質問です。
> 非戦闘員をサポートメンバーとしてパーティに加えることも考えられますか？
@いの 色々考えてますよー。","",""
"348792138093297664","hakka#7525","22-Aug-20 02:35 PM","> @Raka_Putra ゴクトーの武器はスリッパらしいですよ？河野さんのゴリ押しで:poobyeat:
@comtang  

ゴクトーさんのスリッパはギャンブルですって、豪華な革靴を質に入れたせいかと思ってました…！","",""
"610456859375042560","comtang#9937","22-Aug-20 02:35 PM","> :Enemy: 差し支え無ければこの子の名前を教えて下さい。
@門. プラントボーイです！","","Enemy (39)"
"735484857093849129","Junko Kawano#1236","22-Aug-20 02:35 PM","> kickstarterのCMムービーで河野さんが比較的カメラから背を向けてなるべく顔を見せないようにしてたように思えたのですが、真実のほどはいかほどでしょうか。
@en-daichi  
日頃姿勢が悪いので、それを気にしてたんだと思います……","",""
"737636876705464321","門.#4511","22-Aug-20 02:35 PM","回答ありがとうございます！","",""
"735484857093849129","Junko Kawano#1236","22-Aug-20 02:36 PM","> ロディ君13歳の髪は、寝癖がちなのでしょうか？
@goban_5  
多分。毛量多目なのでお手入れ大変^_^","","rodysweat (14)"
"712887086688108585","hikaribaya#9649","22-Aug-20 02:37 PM","Kickstarterのあの素晴らしいプロモ動画を企画したのはどなただったのでしょうか？
皆さんノリノリでやろうやろう！となったのでしょうか？（笑）","",""
"700381213671555193","Yoshitaka Murayama#4951","22-Aug-20 02:37 PM","> こんばんは、こんなゲームをずっと待ってました。
> 協力攻撃と英雄コンボの違いは何ですか？
> 特定の仲間ではなく、誰とでもコンボ攻撃ができるということでしょうか。
@spuitman 秘密だよ","",""
"746510404041179227","ヒヨコぶらっく#3902","22-Aug-20 02:38 PM","質問です。βテストのバッカ―参加は、いつ頃からになりそうでしょうか？PCで参加可能でしょうか？","",""
"746561354982228121","サク#2138","22-Aug-20 02:38 PM","百英雄伝本当に本当に楽しみです！
幻水の頃からその土地の匂いすら感じそうな程街などにリアルさを感じています。
実際にどこかの街の風景を参考にされているのでしょうか？もしそうなら、百英雄伝で参考にした国や街はありますか？","",""
"700381213671555193","Yoshitaka Murayama#4951","22-Aug-20 02:38 PM","> Kickstarterのあの素晴らしいプロモ動画を企画したのはどなただったのでしょうか？
> 皆さんノリノリでやろうやろう！となったのでしょうか？（笑）
@hikaribaya 企画自体は広報担当がかなりノリノリでしたが、衣装は各自自前で用意しました。わりとノッてる？","","Murayama (33)"
"737386489142444064","二藍みや [Miya Futaai]#9413","22-Aug-20 02:39 PM","> 質問です。βテストのバッカ―参加は、いつ頃からになりそうでしょうか？PCで参加可能でしょうか？
@ヒヨコぶらっく ベータはPCのみとkickstarterのページに書いてありますよ","",""
"712887086688108585","hikaribaya#9649","22-Aug-20 02:39 PM","（プロモ、皆様最高でした！！）","",""
"610456859375042560","comtang#9937","22-Aug-20 02:39 PM","> こんばんは、こんなゲームをずっと待ってました。
> 協力攻撃と英雄コンボの違いは何ですか？
> 特定の仲間ではなく、誰とでもコンボ攻撃ができるということでしょうか。
@spuitman 名前です……じゃなくて、まだ詳しく言えないですが、違うことを考えてます。","",""
"735484857093849129","Junko Kawano#1236","22-Aug-20 02:39 PM","> 質問失礼します！
> とても気になっているのですが、ノア君の武器は普段どのように武器をしまわれているのでしょうか？
@しぇ  
どうしまっても危険な気がしますが、きっと背中にしょってるはず……","",""
"746510404041179227","ヒヨコぶらっく#3902","22-Aug-20 02:39 PM","@二藍みや [Miya Futaai] すみません！ありがごうございます！！","",""
"394492519087472651","chelsy#5698","22-Aug-20 02:40 PM","本拠地の探検楽しみにしています。ありがとうございました！","",""
"706756815047622657","RYOTA67#1217","22-Aug-20 02:40 PM","エッグホースレースのエッグホースを育成、交配出来るとありますが、ゲーム内に時間経過の概念があるのでしょうか？差し支えなければ教えてください！","",""
"531161232619732992","ドラ#5295","22-Aug-20 02:40 PM","デザインするにあたってゲームがドットか3Dかって気になるものでしょうか
今回のドットでの表現に現時点でも感動しています","",""
"87982464072450048","Raka_Putra#2873","22-Aug-20 02:41 PM","109番目のデザインの議論がどれほど熱くなっているのかに驚いていますか？^^;;","",""
"738999663650406471","MIZUNE#8348","22-Aug-20 02:41 PM","109人目の英雄投票、Ｂと Cが熾烈な争いを繰り広げていますが、同率1位となった場合は2人とも登場なんて可能性もありでしょうか？
どちらも大変魅力的です…！","",""
"746512131968466975","momonga#9498","22-Aug-20 02:42 PM","面白い装備品・・ネタ装備はありますでしょうか。皆さんがプロモ動画で装備していた鍋やスモックのような・・・。","",""
"739034444798623745","spuitman#0694","22-Aug-20 02:42 PM","回答ありがとうございます、
幻想2が好きすぎて、もう新作などは期待出来ないんだろうなと、何年も思っていました。本当にこのゲームが発表されて心底うれしいです。
プレッジでの力添えしかできませんが、製品版、めちゃくちゃ期待してます、頑張ってください。","",""
"738032928231129128","チカゲ#9631","22-Aug-20 02:42 PM","プミーの鳴き声ってどんなですか？ぷー？みー？","",""
"738319107681812520","mokumoku#7242","22-Aug-20 02:42 PM","ミニゲームがたくさんありますが、それらは単なるミニゲームではなく物語全体との相互作用があるのでしょうか？（ミニゲームクリアで仲間が増えるなど）","",""
"105671226982187008","catteries#5702","22-Aug-20 02:42 PM","@comtang プロモと言えば、なんで他の方がカッコいいや面白い帽子を着けるのですが、小牟田さんはキャップですか？！おススメとか必要ですか？！","",""
"746730961819009109","リズ#5208","22-Aug-20 02:42 PM","こんばんは！初めまして！
音楽全般のジャンルはどういったものでしょうか？
また、戦闘シーンとてもカッコいいですね！
個人的は少し数字が見やすくなるととても嬉しいです！","",""
"735484857093849129","Junko Kawano#1236","22-Aug-20 02:42 PM","> 百英雄伝本当に本当に楽しみです！
> 幻水の頃からその土地の匂いすら感じそうな程街などにリアルさを感じています。
> 実際にどこかの街の風景を参考にされているのでしょうか？もしそうなら、百英雄伝で参考にした国や街はありますか？
@サク  
この辺りは:Murakami: さんメインなんですが、いろいろ参考にしても最終的には物語の舞台そのものになるようにチューニングされてますねー","",""
"610456859375042560","comtang#9937","22-Aug-20 02:43 PM","> エッグホースレースのエッグホースを育成、交配出来るとありますが、ゲーム内に時間経過の概念があるのでしょうか？差し支えなければ教えてください！
@RYOTA67 エッグホースの成長は、時間ではないんですよ:poobyinvestigate:","",""
"391246860175671296","和民#2633","22-Aug-20 02:43 PM","エッグホースはどのような話し合いによってデザインが決まったのでしょうか？（~~ちょっと怖…~~）素敵なデザインだなぁと思いまして‼️","",""
"700381213671555193","Yoshitaka Murayama#4951","22-Aug-20 02:43 PM","> プミーの鳴き声ってどんなですか？ぷー？みー？
@チカゲ プムプムかもしれない","","MarisaSurprise (26)"
"422325860327227394","goban_5#6908","22-Aug-20 02:44 PM","パブリッシャーの発表はいつごろになりますか？
近いか遠いかだけでも…","",""
"746573834651435128","kuro#1751","22-Aug-20 02:44 PM","リザードマン、ダック、有翼人、猫人とマイナー種族がいっぱい出てくるのも楽しい要素でした。今回どれくらいの種族数になりそうですか？既にサメと狼がいますが","",""
"738851785577463979","culty_gfj#2342","22-Aug-20 02:45 PM","初めまして、質問いたします。片方を仲間にして、もう片方は仲間にできないという前提でデザインされているキャラクターは考えておられますでしょうか。","",""
"700381213671555193","Yoshitaka Murayama#4951","22-Aug-20 02:45 PM","> 面白い装備品・・ネタ装備はありますでしょうか。皆さんがプロモ動画で装備していた鍋やスモックのような・・・。
@momonga 多分あるのかなぁ、ただドットキャラなので装備で姿が変わるのは難しいかも","",""
"737911775852232747","Saori#8470","22-Aug-20 02:45 PM","戦闘キャラ、非戦闘キャラの区別はありますか？109人全員パーティーに入れられたりするのでしょうか。差し支えなければ教えてください。","",""
"610456859375042560","comtang#9937","22-Aug-20 02:45 PM","> @comtang プロモと言えば、なんで他の方がカッコいいや面白い帽子を着けるのですが、小牟田さんはキャップですか？！おススメとか必要ですか？！
@catteries キャップ……格好いいじゃないですか！:MelridgeFacePalm: ではなく、本当は新聞紙で兜作って持っていったんですよね……でも、風が強くて、側にあった佐村キャップを被ることに","","Komuta (26)"
"337597895756873729","Monolith#3666","22-Aug-20 02:46 PM","こんばんは、はじめまして、私の日本語が下手ですからすみません
質問ではありません。
KSの事態が知ってますけど。。。
村山さん達のゲームのファンの一部は大人になって時が狭くなってスイッチなどプレーしています。
私もそんな場合にいます。
ラビット&ベアはそれをしっていると願います。
ともかくプロジェクトはうまく行なって信じています。","",""
"700381213671555193","Yoshitaka Murayama#4951","22-Aug-20 02:46 PM","> こんばんは！初めまして！
> 音楽全般のジャンルはどういったものでしょうか？
> また、戦闘シーンとてもカッコいいですね！
> 個人的は少し数字が見やすくなるととても嬉しいです！
@リズ 僕は音楽のジャンルはあまり詳しくないのですが、お願いする時にはファンタジーっぽいってよりも無国籍風なイメージを伝えていることがおおいです。","",""
"87982464072450048","Raka_Putra#2873","22-Aug-20 02:47 PM","すみません, ロディとメロールの間で、誰が背が高いですか？","",""
"610456859375042560","comtang#9937","22-Aug-20 02:47 PM","> ミニゲームがたくさんありますが、それらは単なるミニゲームではなく物語全体との相互作用があるのでしょうか？（ミニゲームクリアで仲間が増えるなど）
@mokumoku 仲間がたくさんいますからね。街を発展させるためのキャラもいます。そこにミニゲームも絡んできますよー。","","LianHype (30)"
"735484857093849129","Junko Kawano#1236","22-Aug-20 02:48 PM","> すみません, ロディとメロールの間で、誰が背が高いですか？
@Raka_Putra  
僅差でメロール:melloremischievous: かな……？","","rodysweat (22),mellorenya (24)"
"87982464072450048","Raka_Putra#2873","22-Aug-20 02:49 PM","ありがとう、ロディくん かわいい！","",""
"406093899522768896","Glow_GJみかん#1172","22-Aug-20 02:49 PM","質問です。βテストのバッカ―参加は、いつ頃からになりそうでしょうか？
発売の一月前程度…などざっくりでかまいません。","",""
"610456859375042560","comtang#9937","22-Aug-20 02:49 PM","> エッグホースはどのような話し合いによってデザインが決まったのでしょうか？（~~ちょっと怖…~~）素敵なデザインだなぁと思いまして‼️
@和民 エッグホースは村上Ｊデザインです:Murakami:","",""
"348792138093297664","hakka#7525","22-Aug-20 02:49 PM","好きな猫やピクセルペットさんたちをスカウトして自室で一緒に暮らすことや、旅のお供になってもらうことはできますか？","",""
"700381213671555193","Yoshitaka Murayama#4951","22-Aug-20 02:49 PM","> リザードマン、ダック、有翼人、猫人とマイナー種族がいっぱい出てくるのも楽しい要素でした。今回どれくらいの種族数になりそうですか？既にサメと狼がいますが
@kuro 具体的な数はまだ未定です。海外からは亜人種族の期待が非常に強かったりもあって、少し多めにしたいかなぁと思っています。","",""
"738319107681812520","mokumoku#7242","22-Aug-20 02:49 PM","ノア、セイ、メリサについて兄弟や姉妹はいますか？","",""
"700381213671555193","Yoshitaka Murayama#4951","22-Aug-20 02:51 PM","> 初めまして、質問いたします。片方を仲間にして、もう片方は仲間にできないという前提でデザインされているキャラクターは考えておられますでしょうか。
@culty_gfj カスミとバレリアを選べという選択に対して、非常に大きな抗議（笑）があったので……やるかもしれないですねｗ","",""
"610456859375042560","comtang#9937","22-Aug-20 02:51 PM","> 質問です。βテストのバッカ―参加は、いつ頃からになりそうでしょうか？
> 発売の一月前程度…などざっくりでかまいません。
@Glow_GJみかん まだ確かなことは言えないんですが、発売の1ヶ月よりは前にしたいなーと思ってます。","",""
"467629301106343946","ぼるしち#1696","22-Aug-20 02:51 PM","こんばんは！本ゲームには猫、犬等の動物さんたちの要素があり、特に猫で溢れているとありますが、彼らに対して触れて反応があるなど以外にも何か特別な要素があったりしますでしょうか？
例えばコレクションであったり、専用の餌やり？はたまた過去シリーズみたいな彼らの主観モードなど……etc","",""
"481397026647572502","Sasarai#6586","22-Aug-20 02:52 PM","リワードのペット枠はペンギンでも大丈夫ですか？","","🐧 (7)"
"610456859375042560","comtang#9937","22-Aug-20 02:52 PM","> @catteries キャップ……格好いいじゃないですか！:MelridgeFacePalm: ではなく、本当は新聞紙で兜作って持っていったんですよね……でも、風が強くて、側にあった侍キャップを被ることに
@comtang","",""
"105671226982187008","catteries#5702","22-Aug-20 02:53 PM","w","",""
"738851785577463979","culty_gfj#2342","22-Aug-20 02:53 PM","村山さんご回答ありがとうございます！きっと魅力的なキャラクターでしょうから、今からハラハラドキドキしております！","",""
"610456859375042560","comtang#9937","22-Aug-20 02:53 PM","> 戦闘キャラ、非戦闘キャラの区別はありますか？109人全員パーティーに入れられたりするのでしょうか。差し支えなければ教えてください。
@Saori 非戦闘キャラはサポートメンバーとして連れ回せるようにする予定です。今回のサポートメンバーは……おっと、これ以上はヒミツです。","",""
"716164464256221244","葡萄酒389#6215","22-Aug-20 02:53 PM","河野さんはよくディスコードを見られてますか？もしくは村山さんと小牟田さんから聞かれてますか？ｗ","",""
"737474398713282592","たま#7488","22-Aug-20 02:54 PM","質問です。
リワードの「Create
Town Object」のイメージは下手な絵からでも起こしてもらえますか？

またサイズなどは相談可能ですか。
可能ならお風呂に飾りたいです。","",""
"735484857093849129","Junko Kawano#1236","22-Aug-20 02:54 PM","> 河野さんはよくディスコードを見られてますか？もしくは村山さんと小牟田さんから聞かれてますか？ｗ
@葡萄酒389  
時々、こっそり見てます:rabbitbear:","","rabbitbear (28)"
"700381213671555193","Yoshitaka Murayama#4951","22-Aug-20 02:55 PM","> 109人目の英雄投票、Ｂと Cが熾烈な争いを繰り広げていますが、同率1位となった場合は2人とも登場なんて可能性もありでしょうか？
> どちらも大変魅力的です…！
@MIZUNE かなり接戦ですね。負けた方は雑魚モンスターとして登場するというヨタ話も……サバイバルレースです（笑）","",""
"712887086688108585","hikaribaya#9649","22-Aug-20 02:55 PM","キャラクターに詳細な身長の設定はつきますか？","",""
"737636876705464321","門.#4511","22-Aug-20 02:55 PM","アートブックにはキャラクターの後ろ姿も記載予定は有りますか？","",""
"735484857093849129","Junko Kawano#1236","22-Aug-20 02:56 PM","> キャラクターに詳細な身長の設定はつきますか？
@hikaribaya  
身長設定は作る予定です","","LianHype (16)"
"610456859375042560","comtang#9937","22-Aug-20 02:56 PM","> 質問です。
> リワードの「Create
> Town Object」のイメージは下手な絵からでも起こしてもらえますか？
> 
> またサイズなどは相談可能ですか。
> 可能ならお風呂に飾りたいです。
@たま 絵じゃなくても大丈夫ですよー。開発側と何度かやり取りしながら決めていく感じです。なのでご安心を！","",""
"746573834651435128","kuro#1751","22-Aug-20 02:56 PM","本当に海外の方は亜人好きですよね、ガオウが一番人気なのにびっくりしました。リザードマンの街とかカエル人の集落とか期待しています","",""
"712887086688108585","hikaribaya#9649","22-Aug-20 02:56 PM","（おお…！！嬉しいです！！<身長）","",""
"538639168167739395","Meeah#1408","22-Aug-20 02:56 PM","もし差し支えなければ、皆さんのお好きなゲームや映画などを聞いてみたいです:LianHype:","",""
"87982464072450048","Raka_Putra#2873","22-Aug-20 02:57 PM","小牟田さん、各ミニゲームがどれほど ""複雑"" になるかについてはすでにご存知ですか？ それともまだ議論中ですか？","",""
"735484857093849129","Junko Kawano#1236","22-Aug-20 02:57 PM","> アートブックにはキャラクターの後ろ姿も記載予定は有りますか？
@門.#4511  
ドットキャラ用の設定は作ります。アートブックに載るかは……載るのかなー？","",""
"610456859375042560","comtang#9937","22-Aug-20 02:57 PM","> こんばんは！本ゲームには猫、犬等の動物さんたちの要素があり、特に猫で溢れているとありますが、彼らに対して触れて反応があるなど以外にも何か特別な要素があったりしますでしょうか？
> 例えばコレクションであったり、専用の餌やり？はたまた過去シリーズみたいな彼らの主観モードなど……etc
@ぼるしち 動物たちと触れ合ったときのリアクションもちゃんとありますよー:devfish:","","CatHeart (23)"
"737636876705464321","門.#4511","22-Aug-20 02:57 PM","回答ありがとうございます！","",""
"737474398713282592","たま#7488","22-Aug-20 02:58 PM","@comtang ありがとうございます:nowacry: 応援させていただきます！","",""
"610456859375042560","comtang#9937","22-Aug-20 02:58 PM","> 好きな猫やピクセルペットさんたちをスカウトして自室で一緒に暮らすことや、旅のお供になってもらうことはできますか？
@hakka 動物たちとの仲良し度が上がればあるいは……","",""
"700381213671555193","Yoshitaka Murayama#4951","22-Aug-20 02:58 PM","> ノア、セイ、メリサについて兄弟や姉妹はいますか？
@mokumoku セイにはお兄さんがいました。他については、ストーリーにも関わるかもしれないのでまだ秘密ですよ。","","seignshock (7)"
"739034444798623745","spuitman#0694","22-Aug-20 02:58 PM","武器強化は期待できますか？
あのキンキンキーンの音が懐かしいです。","",""
"422325860327227394","goban_5#6908","22-Aug-20 02:59 PM","村山さんに、EDを合唱したい旨リプライを送りました。実現して、タブレットを放り投げそうになりました！この場を借りて、お礼申し上げます。リプして、一ヶ月足らずでした。これが権利を持っているということなんですね！
今後、桜庭統氏、なるけみちこ氏に続いて、我々がびっくりするようなコンポーザーの追加参加はあり得るでしょうか？","",""
"735484857093849129","Junko Kawano#1236","22-Aug-20 02:59 PM","> もし差し支えなければ、皆さんのお好きなゲームや映画などを聞いてみたいです:LianHype:
@Meeah  
とりあえず、今はアルカ・ラストっていうやつがオススメかなっ（宣伝マン）","","lianthumbsup (35)"
"480354227718324225","umemen#0615","22-Aug-20 02:59 PM","お返事ありがとうございます！
ユーフェリウスさんの武器は種族内で一般的な武器ですか？それともユーフェリウス個人(鮫？)のお気に入りですか？","",""
"742974453595766945","ぺんね(penne)#5219","22-Aug-20 02:59 PM","即出でしたらスルーしてください。
ガオウさんと同種族のキャラクターが出る予定はありますでしょうか？","",""
"610456859375042560","comtang#9937","22-Aug-20 02:59 PM","> 小牟田さん、各ミニゲームがどれほど ""複雑"" になるかについてはすでにご存知ですか？ それともまだ議論中ですか？
@Raka_Putra まだまだ議論中ですが、ミニゲームの数めちゃくちゃ多いので、単純なものからやり応えのあるものまで考えてます:MelridgeShrug:","",""
"743477636386390038","むと#1894","22-Aug-20 03:00 PM","英雄メンバーの中にロボットが出てくる予定はありますか？
古代文明の遺産的な・・・。","",""
"700381213671555193","Yoshitaka Murayama#4951","22-Aug-20 03:00 PM","そろそろ12時なので、最後の質問を出しておいてください。もうちょっとで質問はストップにしますね。","","nowacry (8)"
"738319107681812520","mokumoku#7242","22-Aug-20 03:00 PM","ギルドについて料理が下手なキャラを料理ギルドに所属させたりすることもできますか？それとも所属できるキャラはギルドによってある程度決まっていますか？","",""
"602157507992879115","Hiyo#5931","22-Aug-20 03:00 PM","村山さん、チームの皆さま、こんばんは！
精神的続編との事でどうしてもシリーズと比較してしまいがちなのですが
「百万世界」の考え方や「シンダル族が消えていった理由」など
幻想シリーズの世界とリンクしたり、新たな設定として活かされたり回収される可能性は現時点でありますか？
全く別の次元や世界のお話ととらえるべきならあまり比較しないほうが良いかと少し悩んでいます。
ネタバレとか回答しづらければスルー下さい。","",""
"737643835034697808","aki48#6147","22-Aug-20 03:00 PM","ずばり、マルチエンディングですか？","",""
"610456859375042560","comtang#9937","22-Aug-20 03:00 PM","> リワードのペット枠はペンギンでも大丈夫ですか？
@Sasarai ペンギンOKですよー。象とか恐竜は無理だけどw","","😍 (13),🐧 (27)"
"738093076232405143","Ayato#2230","22-Aug-20 03:00 PM","村山さんが以前インタビューでおっしゃられていた
「そろそろ自分たちの本当に作りたいものをきっちり作ろう」
について、御三方の「本当に作りたいもの」のエッセンスをお伺いしたいです。","",""
"713993955150266383","キネコ#0528","22-Aug-20 03:00 PM","こんばんは。現在キャラクター数は109とのことですが、これは仲間の数を指しているのでしょうか。（敵キャラは含みませんか？）","",""
"348792138093297664","hakka#7525","22-Aug-20 03:00 PM","@comtang 
ありがとうございます！
仲良くなれるよう頑張ります…！","","👍 (1)"
"431099957408301058","HAL#6615","22-Aug-20 03:00 PM","回答ありがとうございます。街の探索動画では一人ですがフィールド等でパーティメンバーが付いてくるような描画は難しいでしょうか？","",""
"736649399412719706","awaawa#8692","22-Aug-20 03:01 PM","スタッフロールもどんな風になるのか楽しみです。バッカーのクレジット用の名前はどのタイミングで決めるのでしょうか？","",""
"422325860327227394","goban_5#6908","22-Aug-20 03:01 PM","Chiseled Glory / 栄光の彫像　にいる、パン一のマッチョのリーゼントの男性は誰ですか？","",""
"105671226982187008","catteries#5702","22-Aug-20 03:01 PM","皆さん、最近どれぐらい時間を寝てますか","",""
"746730961819009109","リズ#5208","22-Aug-20 03:01 PM","マールリッジは幻水シリーズのような軍事？家系なのでしょうか？","",""
"274650417810505730","TheirStar#6362","22-Aug-20 03:01 PM","開発陣はベギオマバトルの四天王になるのかな？","",""
"467629301106343946","ぼるしち#1696","22-Aug-20 03:02 PM","@comtang 回答ありがとうございます！いっぱい動物さんと触れ合います！","","👍 (1)"
"700381213671555193","Yoshitaka Murayama#4951","22-Aug-20 03:02 PM","> もし差し支えなければ、皆さんのお好きなゲームや映画などを聞いてみたいです:LianHype:
@Meeah 僕が今まで見た中で一番好きな映画は「未来世紀ブラジル」です。","","CatHeart (5)"
"712887086688108585","hikaribaya#9649","22-Aug-20 03:02 PM","NPCや石像になるときの手順はどうなりますか？希望のイラストや写真をお送りするのでしょうか？","",""
"610456859375042560","comtang#9937","22-Aug-20 03:02 PM","> もし差し支えなければ、皆さんのお好きなゲームや映画などを聞いてみたいです:LianHype:
@Meeah 今日、ゴーストオブツシマはじめました！","","MioSword (16),seignshock (4)"
"315848130295758849","シービー#7380","22-Aug-20 03:03 PM","こんばんは！自分の心の大事な場所にあり続けるゲームを手掛けた皆様がこうして新たなゲームのプロジェクトを立ち上げたことが本当に嬉しいですし楽しみです。ありがとうございます！
バトルシステムについての質問です。AI能力についてはインタビューで小牟田さんが触れていましたが、AIコマンドはどのような仕様になってくるのでしょうか？","",""
"746573834651435128","kuro#1751","22-Aug-20 03:03 PM","既に出ているかもしれませんが、2Dキャラクターが自由に歩けるワールドマップは用意されていますか？","",""
"700381213671555193","Yoshitaka Murayama#4951","22-Aug-20 03:03 PM","> 村山さんに、EDを合唱したい旨リプライを送りました。実現して、タブレットを放り投げそうになりました！この場を借りて、お礼申し上げます。リプして、一ヶ月足らずでした。これが権利を持っているということなんですね！
> 今後、桜庭統氏、なるけみちこ氏に続いて、我々がびっくりするようなコンポーザーの追加参加はあり得るでしょうか？
@goban_5 おぉ、素敵なアイディアありがとうございます。","",""
"746005354340679741","つむぎ#4590","22-Aug-20 03:03 PM","ゲームそのものの話ではないですが、いずれグッズや書籍など周辺の展開はありますか？設定資料集等が大好きで、アートブック以外にももっと分厚いのが欲しいなと思っています。","",""
"700381213671555193","Yoshitaka Murayama#4951","22-Aug-20 03:04 PM","> 武器強化は期待できますか？
> あのキンキンキーンの音が懐かしいです。
@spuitman 多分、鍛冶屋はいるんじゃないかなぁ","",""
"746510404041179227","ヒヨコぶらっく#3902","22-Aug-20 03:05 PM","質問はもう（思いつか）ないです！百英雄伝を始動して下さって、本当に本当に！ありがとうございます！！","",""
"160825844951023616","infidusfiles#8553","22-Aug-20 03:05 PM","サーバー上のお気に入りの絵文字は何ですか？","",""
"610456859375042560","comtang#9937","22-Aug-20 03:06 PM","> こんばんは！自分の心の大事な場所にあり続けるゲームを手掛けた皆様がこうして新たなゲームのプロジェクトを立ち上げたことが本当に嬉しいですし楽しみです。ありがとうございます！
> バトルシステムについての質問です。AI能力についてはインタビューで小牟田さんが触れていましたが、AIコマンドはどのような仕様になってくるのでしょうか？
@シービー オートで仲間を戦わせるときの行動をプレイヤーがカスタマイズできる仕組みになる予定です。","",""
"610456859375042560","comtang#9937","22-Aug-20 03:07 PM","> 既に出ているかもしれませんが、2Dキャラクターが自由に歩けるワールドマップは用意されていますか？
@kuro やっぱり世界は自由に歩き回りたいですよね！","","LianHype (40)"
"700381213671555193","Yoshitaka Murayama#4951","22-Aug-20 03:07 PM","> お返事ありがとうございます！
> ユーフェリウスさんの武器は種族内で一般的な武器ですか？それともユーフェリウス個人(鮫？)のお気に入りですか？
@umemen あの武器はとてもサメ的だということで、種族の中でも誉れある武器とされています。侍にとっての刀みたいなものです　　と設定資料に追加しておきます","",""
"700381213671555193","Yoshitaka Murayama#4951","22-Aug-20 03:07 PM","では、そろそろ質問は終了で。すでに出ているものに答えていきますね","",""
"610456859375042560","comtang#9937","22-Aug-20 03:08 PM",":devfish: だったけど、プミー可愛いよね","","devfish (32),poobyheart (27)"
"746573834651435128","kuro#1751","22-Aug-20 03:08 PM","お返事ありがとうございます！歩きたいです！歩きたいです！","",""
"315848130295758849","シービー#7380","22-Aug-20 03:08 PM","@comtang 回答いただきありがとうございます！とても楽しみです！","",""
"422325860327227394","goban_5#6908","22-Aug-20 03:09 PM","お返事ありがとうございます！","",""
"700381213671555193","Yoshitaka Murayama#4951","22-Aug-20 03:09 PM","> 即出でしたらスルーしてください。
> ガオウさんと同種族のキャラクターが出る予定はありますでしょうか？
@ぺんね(penne) 現段階ではまだ予定はないのですが、可能性はあります。","",""
"366256366727200780","en-daichi#8058","22-Aug-20 03:09 PM","質問の邪魔になるかと思い、お礼は最後になりましたこと、大変失礼しました。回答ありがとうございました。これからの作業等、無理なく進められますよう、お祈りしています。","",""
"737616870563381248","ヤム・クン#0790","22-Aug-20 03:09 PM","お時間をいただきありがとうございました","",""
"711897329988272129","Arin#8306","22-Aug-20 03:09 PM","興味深い質問とご回答を見ててとてもワクワクが止まらないです！ありがとうございました！","",""
"745746398485545052","ニンジン食べるかい？#2327","22-Aug-20 03:10 PM","貴重なお時間をいただき有難うございました！🙇‍♀️","",""
"746512131968466975","momonga#9498","22-Aug-20 03:10 PM","ありがとうございました。何故かこのタイミングでしっぱいのつぼを飾るのがけっこう好きだったことを思い出しました。","",""
"700381213671555193","Yoshitaka Murayama#4951","22-Aug-20 03:10 PM","> 英雄メンバーの中にロボットが出てくる予定はありますか？
> 古代文明の遺産的な・・・。
@むと 世界観的にSF的になりすぎないようにはしたいのですが、半分魔法でできている生物っぽいのは考えたいかなぁ","",""
"610456859375042560","comtang#9937","22-Aug-20 03:10 PM","> NPCや石像になるときの手順はどうなりますか？希望のイラストや写真をお送りするのでしょうか？
@hikaribaya そうですね。希望のイラストや写真を送っていただき、こちらのデザイナーがデザインする際に何度かやり取りをさせていただく感じになります。公序良俗に反する絵や写真はダメですよ:SeignFlustered:","",""
"738319107681812520","mokumoku#7242","22-Aug-20 03:10 PM","皆さまご回答ありがとうございました！","",""
"480354227718324225","umemen#0615","22-Aug-20 03:11 PM","とてもサメ的…(笑)質疑応答、ほんっとうにありがとうございました！2年後が益々楽しみになりました！","",""
"742974453595766945","ぺんね(penne)#5219","22-Aug-20 03:11 PM","村山さん質問にお答えくださりありがとうございます！
ガオウさんも好きなので、同種族がでるかでないかワクワクしながら待たせていただきます。","",""
"610456859375042560","comtang#9937","22-Aug-20 03:12 PM","> ギルドについて料理が下手なキャラを料理ギルドに所属させたりすることもできますか？それとも所属できるキャラはギルドによってある程度決まっていますか？
@mokumoku 料理が下手なキャラに任せたときのリアクションや、そこで生まれる奇跡も楽しんでもらえたらなーと。","",""
"740852154792935434","綾瀬#0764","22-Aug-20 03:12 PM","ありがとうございました！今度は村上さんともご一緒したいです！これからも応援させていただきます！","",""
"743477636386390038","むと#1894","22-Aug-20 03:12 PM","@Yoshitaka Murayama 半分魔法で動く生物期待しております!","",""
"738851785577463979","culty_gfj#2342","22-Aug-20 03:12 PM","皆様貴重なお時間とご機会をありがとうございます。引き続き応援していきます。","",""
"746573834651435128","kuro#1751","22-Aug-20 03:12 PM","こんなに答えてもらえるなんて想像してなかったです！皆さんお体に気をつけてお仕事してくださいね、ずっと応援しています","",""
"735484857093849129","Junko Kawano#1236","22-Aug-20 03:12 PM","> 村山さんが以前インタビューでおっしゃられていた
> 「そろそろ自分たちの本当に作りたいものをきっちり作ろう」
> について、御三方の「本当に作りたいもの」のエッセンスをお伺いしたいです。
@Ayato  
制作と違う方向からの横槍が、できるだけ入らないもの……かなあ。
「可愛い女の子増やせば売れますよ」とかだったり、そもそも「今つくっちゃダメ」とか、:YuferiusJaws: この辺でやめとこ……","","YuferiusJaws (47)"
"700381213671555193","Yoshitaka Murayama#4951","22-Aug-20 03:13 PM","> 村山さん、チームの皆さま、こんばんは！
> 精神的続編との事でどうしてもシリーズと比較してしまいがちなのですが
> 「百万世界」の考え方や「シンダル族が消えていった理由」など
> 幻想シリーズの世界とリンクしたり、新たな設定として活かされたり回収される可能性は現時点でありますか？
> 全く別の次元や世界のお話ととらえるべきならあまり比較しないほうが良いかと少し悩んでいます。
> ネタバレとか回答しづらければスルー下さい。
@Hiyo 幻想水滸伝はあくまでコナミの作品ですので、僕らが勝手に何かそういうことをする権利はないと思っていますし、それがリスペクトを持つという事だと考えてもらえるとうれしいです。幻想水滸伝と百英雄伝はあくまで、別の世界観、別のストーリーの作品ですし、それぞれに発展していって欲しいと思っています。","","LianHype (46)"
"737474398713282592","たま#7488","22-Aug-20 03:13 PM","ありがとうございました！
皆さんの重厚な世界観の完成を心待ちにしております。
そのためにも精一杯応援させていただきます！","",""
"746561354982228121","サク#2138","22-Aug-20 03:13 PM","質問答えて頂いてありがとうございました！皆様お身体に気を付けて開発頑張って下さい！楽しみにしています！","",""
"700381213671555193","Yoshitaka Murayama#4951","22-Aug-20 03:13 PM","> ずばり、マルチエンディングですか？
@aki48 ずばり、発売まで秘密です","","rabbitbear (38)"
"738999663650406471","MIZUNE#8348","22-Aug-20 03:14 PM","ご回答ありがとうございました！
皆さんの熱意が伝わりより一層期待が高まりました。
発売までの期間も楽しみながら待ちたいと思います！","",""
"745201814550347849","ユロ#9435","22-Aug-20 03:15 PM","なんかもう変な踊りしそうなくらいワクワクしてます。皆様ありがとうございました！","",""
"700381213671555193","Yoshitaka Murayama#4951","22-Aug-20 03:15 PM","> 村山さんが以前インタビューでおっしゃられていた
> 「そろそろ自分たちの本当に作りたいものをきっちり作ろう」
> について、御三方の「本当に作りたいもの」のエッセンスをお伺いしたいです。
@Ayato ぼくは基本的に多くの人が喜ぶ物を作るという感覚があります、それがエンターティメントだと。但し、それは全ての人の要望を入れるというものではなく、我々自身が本当に楽しめる物を追求した先に存在するものだと思っています。
　なので、意見はたくさん聞きます。でも、決める時は独善的になります、というのがわたしのスタンスです。","","Murayama (50)"
"391246860175671296","和民#2633","22-Aug-20 03:16 PM","本日は貴重な機会を設けていただきありがとうございます！
皆様のお言葉一つ一つに歓喜しました✨
私たちも皆様の努力に負けないくらい、ここで仲間という名の英雄を増やしていくように頑張ります:YuferiusFist:","",""
"727334764591317012","まっとていく#1832","22-Aug-20 03:16 PM","貴重なお時間を頂きまして、ありがとうございました！！
興味深い質問ばかりでワクワクが止まりません！
これからも応援しています！！！","",""
"315848130295758849","シービー#7380","22-Aug-20 03:16 PM","この度は貴重なお時間をいただきありがとうございました。自分の大好きなゲームを手掛けた皆様とこうしてお話する機会があるとは…とても楽しかったです！
皆様お身体に気をつけて頑張ってください。引き続き応援しつつ発売を心待ちにしています！","",""
"700381213671555193","Yoshitaka Murayama#4951","22-Aug-20 03:17 PM","> 
> こんばんは。現在キャラクター数は109とのことですが、これは仲間の数を指しているのでしょうか。（敵キャラは含みませんか？）
> @キネコ これは仲間の数で、敵キャラは含みません","",""
"610456859375042560","comtang#9937","22-Aug-20 03:18 PM","> 村山さんが以前インタビューでおっしゃられていた
> 「そろそろ自分たちの本当に作りたいものをきっちり作ろう」
> について、御三方の「本当に作りたいもの」のエッセンスをお伺いしたいです。
@Ayato 世界設定やシナリオとリンクしていて必然性のあるシステム……ですかね","","Komuta (13)"
"422325860327227394","goban_5#6908","22-Aug-20 03:18 PM","お時間を頂き、ありがとうございました。まとめてのお礼になり、申し訳ありません。
これからまだ2年、百英雄伝を遊べないのかと思うとｳｯってなるのですが、待つ間も楽しみを提供してくださるのを糧についていきます！","",""
"700381213671555193","Yoshitaka Murayama#4951","22-Aug-20 03:18 PM","> 皆さん、最近どれぐらい時間を寝てますか
@catteries 最近はKSが気になって8時間ぐらいしか寝ていません","","perrielleoh (42)"
"700381213671555193","Yoshitaka Murayama#4951","22-Aug-20 03:19 PM","> マールリッジは幻水シリーズのような軍事？家系なのでしょうか？
@リズ キャラとしては軍師になるかと思います","",""
"735484857093849129","Junko Kawano#1236","22-Aug-20 03:19 PM","> 皆さん、最近どれぐらい時間を寝てますか
@catteries  
わりと寝不足:poobysleep:","","poobysleep (28)"
"610456859375042560","comtang#9937","22-Aug-20 03:19 PM","> Chiseled Glory / 栄光の彫像　にいる、パン一のマッチョのリーゼントの男性は誰ですか？
@goban_5 これは:Murakami: だけが知っています。","","Murakami (26)"
"316200775200014338","nazekaede#4824","22-Aug-20 03:19 PM","質問は特に思い付かなかったのですが、この場を借りて皆様に厚くお礼申し上げたく思い、失礼します。

百英雄伝というゲームの制作を聞き、久々にわくわくした気持ちになりました。

ゲームが発売する日を楽しみにしております！陰ながら応援しております。
どうか皆様お身体をご自愛下さいませ。","",""
"737991503322021991","sakura#5326","22-Aug-20 03:20 PM","いろいろお聞きできて、ますます楽しみになりました。引き続き応援していきます。本日はありがとうございました。","",""
"712887086688108585","hikaribaya#9649","22-Aug-20 03:20 PM","開発陣の皆様、遅い時間からたくさんの質問にお答え頂き、ありがとうございました！大変嬉しい時間でした！
ご参加の皆様の質問にも回答にもワクワクさせていただきました！😆
Kickstarterの募集が終わった後も（精神的応援は当然として）何らかの形で支援ができたら幸せです。

産みの苦しみも当然あると思いますが、皆様が楽しんで作ってくださったゲームをプレイするその日を、楽しみにしております！！！","",""
"746573834651435128","kuro#1751","22-Aug-20 03:20 PM","可愛い女の子がたくさんいるゲームはほかにたくさんありますもんね。望むがまま、猫であふれかえらせてください","",""
"700381213671555193","Yoshitaka Murayama#4951","22-Aug-20 03:20 PM","> ゲームそのものの話ではないですが、いずれグッズや書籍など周辺の展開はありますか？設定資料集等が大好きで、アートブック以外にももっと分厚いのが欲しいなと思っています。
@つむぎ KSが皆さんのおかげで成功しているおかげで、いろいろとオファーは来ているので、多分","","LianHype (49)"
"700381213671555193","Yoshitaka Murayama#4951","22-Aug-20 03:21 PM","> サーバー上のお気に入りの絵文字は何ですか？
@infidusfiles :PerriellApple:","","PerriellApple (41)"
"610456859375042560","comtang#9937","22-Aug-20 03:21 PM","> 回答ありがとうございます。街の探索動画では一人ですがフィールド等でパーティメンバーが付いてくるような描画は難しいでしょうか？
@HAL パーティメンバーが一緒に行動してる感を出すアイデアを仕込もうと思ってます。","",""
"735484857093849129","Junko Kawano#1236","22-Aug-20 03:22 PM","> サーバー上のお気に入りの絵文字は何ですか？
@infidusfiles  
:devfish:","","devfish (51)"
"610456859375042560","comtang#9937","22-Aug-20 03:22 PM","> スタッフロールもどんな風になるのか楽しみです。バッカーのクレジット用の名前はどのタイミングで決めるのでしょうか？
@awaawa まだ決まってないんですが、みなさんクレジットの名前はちゃんと考えたいですよね？","",""
"700381213671555193","Yoshitaka Murayama#4951","22-Aug-20 03:22 PM","だいたい、回答はこれぐらいかな？","","Murayama (34),poobyheart (21)"
"610456859375042560","comtang#9937","22-Aug-20 03:22 PM","> 皆さん、最近どれぐらい時間を寝てますか
@catteries 割とちゃんと寝てます。のび太なんで。","","poobyinvestigate (23),rodytime (6)"
"105671226982187008","catteries#5702","22-Aug-20 03:23 PM",":nowacry:","",""
"743477636386390038","むと#1894","22-Aug-20 03:23 PM","今夜は有意義で楽しい時間を提供いただきありがとうございました。
2年後笑って百英雄伝をプレイできるよう経済活動継続します。
自端末のスペックもアップしておかねば。","",""
"559249754324860950","meiカツ#9108","22-Aug-20 03:23 PM","二年という期間を自分でもただ待つだけでなく、ファンアートなどの形で応援できればと思っております。
貴重な機会をいただきありがとうございます。","",""
"700381213671555193","Yoshitaka Murayama#4951","22-Aug-20 03:23 PM","では、日本語Q&Aセッションは以上とさせてもらいます。お付き合いいただき、ありがとうございました！！","","Murayama (26),👋 (16)"
"737911775852232747","Saori#8470","22-Aug-20 03:23 PM","@Yoshitaka Murayama @Junko Kawano @comtang 
みなさま、質問にご回答いただきありがとうございました！
皆様の推しキャラがわかって嬉しいです！非戦闘員を連れて旅に出るのもとっても楽しみです！
この後英語チャットでのAMAで遅くまで大変かとは思いますが、頑張ってください！
お身体にはお気をつけて…！","",""
"735484857093849129","Junko Kawano#1236","22-Aug-20 03:23 PM","質問ありがとうございました。お返事こぼしていたらごめんなさい！","","Kawano (29),CatHeart (10)"
"348792138093297664","hakka#7525","22-Aug-20 03:23 PM","このような機会を作っていただける日が来るなんて夢のようです。お話を伺い、2年後に待ち構えている魅力と秘密に満ちたオールラーン大陸への旅に備えて、絶対に健康で居なければ…！と、思いを新たに致しました。
開発陣の皆様、スタッフの皆様、そしてバッカーの皆様も、どうかお身体もお心も健やかにお過ごしくださいませ…！","",""
"721089763989520437","sako#3684","22-Aug-20 03:23 PM","ご回答ありがとうございました！2年後をとても楽しみにしています。これからも応援しています！！","",""
"538639168167739395","Meeah#1408","22-Aug-20 03:23 PM","貴重なお時間をありがとうございました！百英雄伝楽しみにしています。","",""
"637271370732011551","ＡＣＥ#2251","22-Aug-20 03:23 PM","お疲れ様です！ご回答ありがとうございました！","",""
"716164464256221244","葡萄酒389#6215","22-Aug-20 03:24 PM","ありがとうございました！！！本当に楽しみにしています！！:LianHype:","",""
"366256366727200780","en-daichi#8058","22-Aug-20 03:24 PM","小牟田さんのように、気晴らしに雑談をされに来てくださるととてもうれしいと思います。よろしかったらまたお話しできる機会がありますように。","",""
"610456859375042560","comtang#9937","22-Aug-20 03:24 PM","みなさん遅い時間にありがとうございました！","","Komuta (27),devfish (12)"
"602157507992879115","Hiyo#5931","22-Aug-20 03:24 PM","とても納得がいく丁寧なご回答ありがとうございました…！
おかげですっきりした心もちでこれからも応援することができます。
村山さんの世界観が大好きですし
本当に良いゲームができていくところに立ち会えてよかったです。
百英雄伝の魅力がより多くの人に伝わるよう祈っております。","",""
"481397026647572502","Sasarai#6586","22-Aug-20 03:24 PM","お疲れ様です！","",""
"706756815047622657","RYOTA67#1217","22-Aug-20 03:24 PM","ご回答ありがとうございました！百英雄伝楽しみにしています！","",""
"745683334176178196","天兎#9630","22-Aug-20 03:24 PM","このような場を設けてくださり、ありがとうございました！貴重なお話が聞けて良かったです。もうワクワクが止まりません！これからも応援しています！","",""
"737693992669413497","Lyo#0960","22-Aug-20 03:24 PM","ありがとうございました！引き続きAMA頑張ってください！","",""
"190806617170771968","Iveriad#3469","22-Aug-20 03:24 PM","ありがとうございました！ お疲れ様です！ :LianHype:","",""
"737390356651573258","のにゅえ#0073","22-Aug-20 03:24 PM","楽しい時間をありがとうございました！","",""
"737438404605640777","maco#1632","22-Aug-20 03:24 PM","ロムのみでしたが、23時からずっと、参加させていただいておりました。
心から愛してやまないゲームを作った方々とこんな距離でお話しを聞けて、なおかつ意見を採り入れてもらいながら製作段階も見届けていける喜びに感動しております。

まだ二年かぁと思う気持ちもありますが、そのおかげであと二年楽しく生きられそうです。

製作頑張ってください！
応援しています。","",""
"737636876705464321","門.#4511","22-Aug-20 03:24 PM","遅くまでありがとうございました！","",""
"746730961819009109","リズ#5208","22-Aug-20 03:24 PM","質問回答ありがとうございました！
幻水シリーズは私の中でとても大きな存在です。
百英雄伝とても楽しみです！
暑い日が続きますが、どうぞお身体にお気をつけて頑張って下さいね！
本当にとっても楽しみです！！
おやすみなさい","",""
"738992005895553105","k太#8403","22-Aug-20 03:24 PM","ありがとうございました。楽しみにしています！！","",""
"480354227718324225","umemen#0615","22-Aug-20 03:24 PM","お疲れ様でした！ありがとうございましたー！！","",""
"105671226982187008","catteries#5702","22-Aug-20 03:24 PM","お疲れ様です！","",""
"551847580846391326","subaru#6561","22-Aug-20 03:24 PM","ありがとうございました！楽しみに応援していきますね！","",""
"574990640652484619","がうぇくろ#8110","22-Aug-20 03:24 PM","ありがとうございました。今日のやり取りで、もっとゲームが楽しみになりました！","",""
"738093076232405143","Ayato#2230","22-Aug-20 03:24 PM","敬愛するクリエイターの方々が、本当にやりたいことをやり遂げられるよう願っています。本日も有難うございました！","",""
"737643835034697808","aki48#6147","22-Aug-20 03:24 PM","ありがとうございました❤️","",""
"431099957408301058","HAL#6615","22-Aug-20 03:24 PM","夢のような時間を設けていただき、しかも回答までありがとうございました！KS終わるまで宣伝します！","",""
"391246860175671296","和民#2633","22-Aug-20 03:24 PM","お疲れ様でした！","",""
"700381213671555193","Yoshitaka Murayama#4951","22-Aug-20 03:24 PM",":perrielleheh: ではまたね　英語版は1時からー　こっちもハードやで","",""
"727334764591317012","まっとていく#1832","22-Aug-20 03:24 PM","おつかれさまでした！
ありがとうございました！！！","",""
"467629301106343946","ぼるしち#1696","22-Aug-20 03:24 PM","本当に貴重なお時間ありがとうございました！！引き続き応援致します！！よろしくお願いいたします！！","",""
"394492519087472651","chelsy#5698","22-Aug-20 03:24 PM","お疲れさまでした！","",""
"738032928231129128","チカゲ#9631","22-Aug-20 03:24 PM","貴重な機会をありがとうございました。２年間楽しみにしてます！","",""
"481397026647572502","Sasarai#6586","22-Aug-20 03:24 PM","英語の方もファイトですｗ","",""
"737459826103156776","🍁もみじ🍁#4900","22-Aug-20 03:24 PM","楽しいひと時をありがとうございました！
また機会があったら嬉しいです…:marisapeek: 
ゆっくり休んで健康第一に頑張ってください！","",""
"274650417810505730","TheirStar#6362","22-Aug-20 03:24 PM","開発者の皆様、本日はお立ち寄りいただきありがとうございました

英語が話せる方は、後ほど英語の#amaチャンネルで質問に答えてくれることを覚えておいてください","",""
"610456859375042560","comtang#9937","22-Aug-20 03:24 PM",":yuferiouseat: :devfish:","","yuferiouseat (30),devfish (22)"
"737464417293172796","shiroro#7369","22-Aug-20 03:24 PM","お疲れ様でした！ありがとうございました！","",""
"737508017611735104","いの#3870","22-Aug-20 03:24 PM","どうもありがとうございました！
2年後に向けて応援しています！","",""
"745746398485545052","ニンジン食べるかい？#2327","22-Aug-20 03:25 PM","素敵な時間を有難うございました✨","",""
"538639168167739395","Meeah#1408","22-Aug-20 03:25 PM","英語もがんばってくださいませー！","",""
"366256366727200780","en-daichi#8058","22-Aug-20 03:25 PM","本日は回答ありがとうございました。","",""
"746707138365227120","しらたま#8170","22-Aug-20 03:25 PM","楽しみにしています。お体気をつけて頑張ってください:maximo7:","",""
"729162100093485098","モモあんこ#6635","22-Aug-20 03:25 PM","ありがとうございました。皆様どうぞご自愛ください。","",""
"713993955150266383","キネコ#0528","22-Aug-20 03:25 PM","ご回答ありがとうございました。残りの仲間と敵キャラの発表も楽しみにしています！","",""
"742974453595766945","ぺんね(penne)#5219","22-Aug-20 03:25 PM","とても幸せで楽しかったです！
ありがとうございました！:LianHype:","",""
"711897329988272129","Arin#8306","22-Aug-20 03:25 PM","お疲れ様でした〜
英語の方も頑張って乗り越えてください〜:nowawink:","",""
"738851785577463979","culty_gfj#2342","22-Aug-20 03:25 PM","改めてありがとうございました。英語版のご回答も、開発もお体に気をつけて頑張ってください！","",""
"537284480453574657","マカダミア#3670","22-Aug-20 03:25 PM","お疲れ様です、ありがとうございました！:LianHype:","",""
"737386489142444064","二藍みや [Miya Futaai]#9413","22-Aug-20 03:25 PM","お疲れさまでした。でもたぶんこの次が本番…高速スクロールする質問に負けず 頑張ってください！","",""
"736649399412719706","awaawa#8692","22-Aug-20 03:25 PM","河野さん小牟田さんご回答ありがとうございました！
またこれから楽しみにしています！","",""
"741893929473146900","Star Bright#1732","22-Aug-20 03:25 PM","ありがとうございました！ 楽しみにしています。","",""
"737911775852232747","Saori#8470","22-Aug-20 03:25 PM","こむたさんは本日もサメに食べられたのか…:devfish:","",""
"712887086688108585","hikaribaya#9649","22-Aug-20 03:25 PM","お疲れ様でした！
そして英語版のほうも頑張ってください！","",""
"746005354340679741","つむぎ#4590","22-Aug-20 03:26 PM","ご回答ありがとうございました！アートブックに詰め込みきれなかったもの等、一杯見られるといいなと思います。バッカーさんのラフから確定までの流れとかはアートブックに載るのかな。そんな制作過程とかもすごく面白そうです。
今後も応援していきます(*´∀`)♪","",""
"737642574482899035","oriha#5070","22-Aug-20 03:26 PM","ありがとうございました！本当に楽しみでわくわくしてます！応援し続けます！！","",""
"746729512146042890","orange#1444","22-Aug-20 03:26 PM","ありがとうございました！","",""
"746686337243021322","夜行性オムライス#1212","22-Aug-20 03:26 PM","今後も楽しみです！ありがとうございました。:PerriellApple:","",""
"610456859375042560","comtang#9937","22-Aug-20 03:26 PM","> :yuferiouseat: :devfish:
@comtang サメのがイイネ多いと僕が食べられるので応援してください","","yuferiouseat (63),devfish (29)"
"737616870563381248","ヤム・クン#0790","22-Aug-20 03:26 PM","お疲れさまでした
お返事を頂きありがとうございます","",""
"738032533060714529","Tea1212（てぃ）#5417","22-Aug-20 03:27 PM","ご回答本当にありがとうございました！楽しみにしています。どうぞ皆様お体に気をつけてください。（ガオウさんの肩はガッチリー！！）","",""
"330334931156992001","エティエンヌ#8132","22-Aug-20 03:28 PM","お疲れ様でした、ご回答もいただけて最高に嬉しかったです。ありがとうございました。","",""
"481397026647572502","Sasarai#6586","22-Aug-20 03:28 PM","👍","",""
"87982464072450048","Raka_Putra#2873","22-Aug-20 03:28 PM","お疲れ様でした。 私たちはその答えが大好きです。:CatHeart:","",""
"391246860175671296","和民#2633","22-Aug-20 03:29 PM","小牟田さん…食べられてしまったか…RIP…:devfish:","",""
"538639168167739395","Meeah#1408","22-Aug-20 03:29 PM","圧倒的サメですね…:devfish:","",""
"737693992669413497","Lyo#0960","22-Aug-20 03:30 PM","RIP…","",""
"737911775852232747","Saori#8470","22-Aug-20 03:30 PM","こむたさん…RIP....","",""
"746510404041179227","ヒヨコぶらっく#3902","22-Aug-20 03:31 PM","ぶしつけな質問にもお答えいただき、本当にありがとうございます。百英雄伝がリリースするまで生きます！","",""
"745660931966632006","しぇ#9046","22-Aug-20 03:31 PM","ご回答どうもありがとうございました！百英雄伝で遊べるのを楽しみにしております！","",""
"746314320824107080","serocom#2085","22-Aug-20 03:39 PM","皆様ご回答ありがとうございました！おつかれさまでした。二年後がよりいっそう楽しみになりました。これからも応援しています！","",""
